title,company,job_type,kept,drop_reason,detail,url
AI Engineer,,full-time,False,experience,No years stated AND no fresher/entry-level signal found in text,https://www.linkedin.com/jobs/view/4429968954/
AI / ML Engineer,,full-time,False,experience,No years stated AND no fresher/entry-level signal found in text,https://www.linkedin.com/jobs/view/4388877512/
Generative AI Engineer,,full-time,False,experience,No years stated AND no fresher/entry-level signal found in text,https://www.linkedin.com/jobs/view/4429226727/
"Agentic AI Engineer-Delhi/NCR, Bangalore &amp; Mumbai",,full-time,False,experience,No years stated AND no fresher/entry-level signal found in text,https://www.linkedin.com/jobs/view/4430902847/
AI / GenAI Engineer,,full-time,False,experience,No years stated AND no fresher/entry-level signal found in text,https://www.linkedin.com/jobs/view/4428484887/
AI Engineer,,full-time,False,experience,No years stated AND no fresher/entry-level signal found in text,https://www.linkedin.com/jobs/view/4428017139/
Artificial Intelligence Engineer,,full-time,False,experience,No years stated AND no fresher/entry-level signal found in text,https://www.linkedin.com/jobs/view/4429798214/
AI Engineer,,full-time,False,experience,No years stated AND no fresher/entry-level signal found in text,https://www.linkedin.com/jobs/view/4431128129/
AI Engineer II,,full-time,False,experience,No years stated AND no fresher/entry-level signal found in text,https://www.linkedin.com/jobs/view/4430108501/
AI Engineer,,full-time,False,experience,No years stated AND no fresher/entry-level signal found in text,https://www.linkedin.com/jobs/view/4429155878/
AI Engineer,,full-time,False,experience,No years stated AND no fresher/entry-level signal found in text,https://www.linkedin.com/jobs/view/4429007989/
Senior Software Engineer - Model Training &amp; AI Evals,,full-time,False,seniority,Title matched senior/lead/manager/etc pattern,https://www.linkedin.com/jobs/view/4429022515/
AI Engineer,,full-time,False,experience,No years stated AND no fresher/entry-level signal found in text,https://www.linkedin.com/jobs/view/4427486354/
Software Engineer - Flutter,,full-time,False,experience,No years stated AND no fresher/entry-level signal found in text,https://www.linkedin.com/jobs/view/4428088189/
Generative Ai Engineer Intern,,internship,True,,Passed all filters (internship — auto-pass),https://www.linkedin.com/jobs/view/4431166447/
AI Intern,,internship,True,,Passed all filters (internship — auto-pass),https://www.linkedin.com/jobs/view/4430968065/
Software Engineer/ Gen AI /Google ADK/ LangChain Python,,full-time,False,experience,No years stated AND no fresher/entry-level signal found in text,https://www.linkedin.com/jobs/view/4429028759/
Software Engineer/ Gen AI /Google ADK/ LangChain Python,,full-time,False,experience,No years stated AND no fresher/entry-level signal found in text,https://www.linkedin.com/jobs/view/4429021778/
Python Next JS Senior Developer,,full-time,False,seniority,Title matched senior/lead/manager/etc pattern,https://www.linkedin.com/jobs/view/4421385168/
Java Selenium Test Engineer,,full-time,False,experience,No years stated AND no fresher/entry-level signal found in text,https://www.linkedin.com/jobs/view/4402115562/
Machine Learning Intern (Paid),,internship,True,,Passed all filters (internship — auto-pass),https://www.linkedin.com/jobs/view/4430990807/
Machine Learning Intern,,internship,True,,Passed all filters (internship — auto-pass),https://www.linkedin.com/jobs/view/4431107009/
Data Scientist,,full-time,False,experience,No years stated AND no fresher/entry-level signal found in text,https://www.linkedin.com/jobs/view/4429645223/
Data Scientist,,full-time,False,experience,No years stated AND no fresher/entry-level signal found in text,https://www.linkedin.com/jobs/view/4428456993/
Software Testing Internship in Bangalore,,internship,True,,Passed all filters (internship — auto-pass),https://www.linkedin.com/jobs/view/4431164283/
Full Stack Development Internship in Bangalore,,internship,True,,Passed all filters (internship — auto-pass),https://www.linkedin.com/jobs/view/4431160930/
"Machine Learning Engineer , Amazon Customer Service",Amazon,full-time,False,experience,No years stated AND no fresher/entry-level signal found in text,https://www.amazon.jobs/en/jobs/10452590/machine-learning-engineer-amazon-customer-service
"Machine Learning Engineer, AWS Applied AI Solution  ",Amazon,full-time,False,experience,No years stated AND no fresher/entry-level signal found in text,https://www.amazon.jobs/en/jobs/3197843/machine-learning-engineer-aws-applied-ai-solution
Software Development Engineer,Amazon,full-time,False,experience,No years stated AND no fresher/entry-level signal found in text,https://www.amazon.jobs/en/jobs/10454330/software-development-engineer
Software Development Engineer,Amazon,full-time,False,experience,No years stated AND no fresher/entry-level signal found in text,https://www.amazon.jobs/en/jobs/10454329/software-development-engineer
Software Development Engineer,Amazon,full-time,False,experience,No years stated AND no fresher/entry-level signal found in text,https://www.amazon.jobs/en/jobs/10454332/software-development-engineer
